Nama Wilayah;latitude;longitude;Y;X1;X2;X3;X4;X5;X6;X7;X8;X9
Simeulue;2.583333;96.083333;1648096;18.98;9.48;7148;66.41;65.28;71.56;87.45;5.71;71.15
Aceh Singkil;2.3589459;97.87216;1780419;20.36;8.68;8776;69.22;67.43;69.56;78.58;8.36;62.85
Aceh Selatan;3.3115056;97.3516558;4345784;13.18;8.88;8180;67.44;64.4;62.55;79.65;6.46;60.85
Aceh Tenggara;3.3088666;97.6982272;3487157;13.41;9.67;8030;69.44;68.22;62.71;86.71;6.43;69.62
Aceh Timur;5.255443;95.9885456;8433526;14.45;8.21;8577;67.83;68.74;66.75;83.16;7.13;59.48
Aceh Tengah;4.4482641;96.8350999;5953118;15.26;9.86;10780;73.37;68.86;90.58;90.1;2.61;76.3
Aceh Barat;4.4542745;96.1526985;7485861;18.81;9.55;9593;71.67;67.99;89.6;94.22;7.09;60.05
Aceh Besar;5.4529168;95.4777811;10261585;14.05;10.33;9644;73.58;69.79;87.4;82.36;7.7;61.67
Pidie;5.0742659;95.940971;7975099;19.59;9;9860;70.7;66.95;54.1;89.24;7.28;60.29
Bireuen;5.18254;96.89005;10374480;13.25;9.29;8867;72.33;71.26;81.89;93.53;4.32;65.91
Aceh Utara;4.9786331;97.2221421;16924103;17.43;8.64;8201;69.46;68.81;79.97;91.09;8.31;58.47
Aceh Barat Daya;3.0512643;97.3368031;3069805;16.34;8.67;8428;66.99;65.06;65.71;95.34;4.04;57.91
Gayo Lues;3.955165;97.3516558;1981879;19.64;8.4;8856;67.56;65.53;47.63;84.68;1.84;78.99
Aceh Tamiang;4.2328871;98.0028892;6062520;13.34;8.91;8367;69.48;69.63;87.45;83.12;5.87;66.43
Nagan Raya;4.1248406;96.4929797;7110421;18.23;8.69;8292;69.31;69.24;74.86;90.13;4.99;64.99
Aceh Jaya;4.7873684;95.6457951;2033844;13.23;8.71;9666;69.84;67.19;81.6;86.36;3.47;72.59
Bener Meriah;4.7748348;97.0068393;3744095;19.16;10;11118;73.27;69.26;86.69;89.71;1.24;77.53
Pidie Jaya;5.1548063;96.195132;2635517;19.55;9.34;10290;73.6;70.18;74.3;93.46;3.57;57.77
Kota Banda Aceh;5.55;95.3166667;15454371;7.61;12.83;16891;85.71;71.52;99.88;99.37;8.94;63
Kota Sabang;5.8946929;95.3192982;1152875;15.32;11.18;11378;76.11;70.56;92.25;96.18;3.56;63.71
Kota Langsa;4.48;97.9633333;3974614;10.96;11.12;12067;77.44;69.43;91.81;97.14;7.21;67.04
Kota Lhokseumawe;5.1880556;97.1402778;7252905;11.16;11.11;11390;77.57;71.64;93.1;94.44;11.16;63.91
Kota Subulussalam;2.6449927;98.0165205;1438997;17.65;8.03;7385;65.27;64.07;69.71;60.87;6.26;63.78
Nias;-8.1712591;113.7111274;2666855;16.82;5.64;6995;62.74;69.78;19.93;47.79;3.12;81.79
Mandailing Natal;0.7432372;99.3673084;9585899;9.49;8.63;9771;67.19;62.65;35.73;73.78;6.12;69.79
Tapanuli Selatan;1.5774933;99.2785583;10036712;8.8;9.29;11304;70.33;64.97;46.41;67.39;4;74.38
Tapanuli Tengah;1.8493299;98.704075;7149285;12.67;8.84;10138;69.61;67.24;57.56;68.81;7.24;75.05
Tapanuli Utara;2.0405246;99.1013498;6058350;9.72;9.99;11710;73.76;68.76;83.79;89.06;1.54;82.63
Toba Samosir;2.3502398;99.2785583;5649103;8.99;10.57;12224;75.39;70.29;89.54;95.04;0.83;80.38
Labuhan Batu;2.3439863;100.1703257;24147560;8.74;9.25;11212;72.09;69.95;81.5;94.34;5.66;61.84
Asahan;2.8174722;99.634135;27279586;9.35;8.8;11030;70.49;68.37;89.09;95.78;6.39;63.02
Simalungun;2.9781612;99.2785583;28648781;8.81;9.61;11376;73.4;71.37;91.75;99.74;4.17;72.55
Dairi;2.8675801;98.265058;6641674;8.31;9.59;10504;71.84;69.19;92.35;91.9;1.49;85.73
Karo;3.1052909;98.265058;14582333;8.79;10;12412;74.83;71.58;84.33;91.43;1.95;84.56
Deli Serdang;3.4201802;98.704075;72173623;4.01;10.1;12291;75.53;71.77;96.37;98.18;9.13;66.78
Langkat;3.8653916;98.3088441;30247389;10.12;8.66;11142;71.35;68.97;80.76;92.51;5.12;69.12
Nias Selatan;0.7086091;97.8286368;4332626;16.92;6.06;7041;62.35;68.86;13.14;66.21;3.91;72.25
Humbang Hasundutan;2.1988508;98.5721016;4219138;9.65;9.71;8016;69.41;69.51;91.65;91.95;1.94;84.17
Pakpak Bharat;2.545786;98.299838;872403;9.35;9.14;8254;67.94;65.96;90.14;70.69;1.36;87.7
Samosir;2.5833333;98.8166667;3162101;12.68;9.44;8504;70.83;71.41;91.09;65.64;0.7;84.38
Serdang Bedagai;3.3371694;99.0571089;19863243;8.3;8.69;11017;70.56;68.82;93.19;98.14;3.93;66.75
Batu Bara;3.1740979;99.5006143;24486056;12.38;8.07;10539;68.58;67.13;88.04;97.83;6.62;70
Padang Lawas Utara;1.5758644;99.634135;8593639;9.92;9.38;10055;70.11;67.22;67.17;77.58;3.19;76.82
Padang Lawas;1.1186977;99.8124935;8362135;8.69;9.02;8921;68.64;67.13;59.62;77.84;4.07;75.23
Labuhan Batu Selatan;1.8799353;100.1703257;19620408;8.53;8.9;11562;71.69;68.81;84.85;84.66;4.71;66.38
Labuhan Batu Utara;2.3465638;99.8124935;17969257;10.02;8.41;11840;71.87;69.56;79.75;86.75;5.74;65.73
Nias Utara;1.33037;97.31964;2417196;25.66;6.77;6155;62.82;69.55;46.09;58.17;3;74.27
Nias Barat;1.05966;97.58606;1285664;26.42;6.69;5924;61.99;69.08;38.02;71.52;0.74;82.08
Kota Sibolga;1.7403745;98.7827988;3595704;12.33;10.41;11540;73.94;69.25;32.33;92.4;8.72;71.19
Kota Tanjung Balai;2.965122;99.800331;5898808;13.4;9.45;11225;68.94;63.44;89.07;87.2;6.59;66.57
Kota Pematang Siantar;2.96;99.06;9547698;8.52;11.29;12436;79.17;73.77;88.49;99.78;11;68.8
Kota Tebing Tinggi;3.3856205;99.2009815;4024777;10.3;10.44;12939;75.42;70.95;95.88;99.35;8.37;67.19
Kota Medan;3.585242;98.6755979;157689187;8.34;11.48;14999;81.21;73.23;92.71;98.8;10.81;62.16
Kota Binjai;3.594462;98.482246;8162776;5.81;10.94;11063;76.01;72.45;95.21;99.76;7.86;62.77
Kota Padangsidimpuan;1.380424;99.273972;4346777;7.53;11.09;10965;75.48;69.5;51.33;54.13;7.18;68.69
Kota Gunungsitoli;1.281964;97.61594;3519128;16.45;8.62;8134;69.61;71.32;45.13;74.11;4.8;62.95
Kepulauan Mentawai;-1.426001;98.9245343;3041549;14.84;7.2;6321;61.35;64.73;71.05;55.46;2.79;82.57
Pesisir Selatan;-1.7223147;100.8903099;9790360;7.92;8.27;9270;70.03;70.96;71.4;76.23;5.97;66.59
Solok;-0.964384;100.89031;10119822;8.01;7.87;10215;69.24;68.79;47.63;78.09;4.67;71.21
Sijunjung;-0.6881586;100.997658;6893214;6.8;8.12;10389;67.86;66.36;72.63;64.12;3.57;70.06
Tanah Datar;-0.4797043;100.5746224;9891020;4.54;8.62;10616;72.46;70.12;53.73;86.5;4.63;66.88
Padang Pariaman;-0.5546757;100.2151578;12199848;7.22;7.88;11050;70.76;68.97;55.86;86.09;8.41;64.64
Agam;-0.2209392;100.1703257;14939509;6.85;8.97;9662;72.57;72.53;77.25;87.46;5.06;66.49
Lima Puluh Kota;3.168216;99.4187929;11430548;7.29;8.07;9668;69.68;69.84;55.69;68.93;2.25;71.33
Pasaman;0.1288752;99.7901781;6330067;7.48;8.1;8440;66.77;67.59;45.26;82.57;4.92;69.35
Solok Selatan;-1.4157329;101.2523792;4059515;7.52;8.32;10367;69.23;68.01;58.57;81.01;4.84;72.11
Dharmasraya;-1.1120568;101.6157773;7709700;6.67;8.55;11324;71.76;71.53;82.71;70.27;5;73.04
Pasaman Barat;0.2213005;99.634135;11682234;7.51;8.27;9089;68.76;67.94;70.28;81.47;5.02;66.93
Kota Padang;-0.95;100.3530556;45227957;4.94;11.59;14540;82.9;73.69;80.13;95.52;13.37;63.78
Kota Solok;-0.803027;100.644402;2936828;3.12;11.04;12168;78.41;73.73;91.4;96.55;5.15;66.51
Kota Sawah Lunto;-0.6810286;100.7763604;2829590;2.38;10.32;10195;72.88;70.1;86.45;88.27;6.38;68.05
Kota Padang Panjang;-0.470679;100.4059456;2631518;5.92;11.63;10754;77.97;72.82;73.04;98.45;4.9;65.94
Kota Bukittinggi;-0.3055556;100.3691667;6263130;5.14;11.34;13331;80.7;74.5;89.93;97.05;6.09;67.42
Kota Payakumbuh;-0.22887;100.632301;4571927;6.16;10.81;13317;79.08;73.84;89.49;99.43;6.47;71.73
Kota Pariaman;-0.6264389;100.1179574;3669629;4.38;10.67;12818;77.07;70.38;79.56;97.69;6.09;62.7
Kuantan Singingi;-0.4411596;101.5248055;24689509;8.97;8.75;10309;70.6;68.6;87.98;85.78;2.06;67.02
Indragiri Hulu;-0.7361181;102.2547919;31176538;6.18;8.39;10260;70.01;70.26;82.82;64.84;3.32;68.45
Indragiri Hilir;-0.1456733;102.989615;46921264;6.18;7.24;9945;66.63;67.98;49.64;89.6;2.66;68.56
Pelalawan;0.441415;102.088699;36538811;9.63;8.7;11672;72.08;71.24;81.13;83.61;2.34;69.18
Siak;-0.789275;113.921327;54543286;5.18;9.86;11807;73.98;71.13;95.41;93.13;4.34;64.69
Kampar;0.146671;101.1617356;53196375;7.82;9.27;10858;73.02;70.83;89.62;90.41;4.27;63.06
Rokan Hulu;1.0410934;100.439656;26752468;10.4;8.54;9406;69.67;70.18;88.85;92.17;2.25;66.5
Bengkalis;1.4897222;102.0797222;74229737;6.64;9.7;11415;73.58;71.24;90.34;93.26;6.63;66.76
Rokan Hilir;1.6463978;100.8000051;46761280;7.18;8.26;9417;69.34;70.39;73.94;87.52;3.25;60.74
Kepulauan Meranti;0.9208765;102.6675575;13008808;25.68;7.84;7780;65.7;67.78;55.98;88.69;4.43;65.6
Kota Pekanbaru;0.5333333;101.45;72619083;2.83;11.92;14360;81.58;72.41;96.28;98.76;8.29;61.61
Kota Dumai;1.665742;101.447601;26068578;3.42;10.14;11818;74.75;70.98;97.03;92.86;6.29;64.91
Kerinci;-1.697;101.264;6844238;7.71;8.56;10184;71.45;70;66.32;74.59;2.32;70.9
Merangin;-2.1752789;101.9804613;10371678;9.11;7.9;10380;69.53;71.29;71.07;68.91;4.83;69.85
Sarolangun;-2.2654937;102.6905326;11397733;8.87;8.04;11792;70.25;69.21;76.03;69.96;5.52;64.86
Batang Hari;-1.7083922;103.0817903;12221193;10.05;8.12;10032;70.11;70.64;79.68;73.08;4.26;68.81
Muaro Jambi;-1.5521;103.8216;16847013;4.53;8.58;8825;69.55;71.32;89.17;80.66;5.59;62.78
Tanjung Jabung Timur;-1.3291599;103.89973;17284926;11.39;6.92;9163;64.91;66.34;70.27;85.91;1.56;71.22
Tanjung Jabung Barat;-1.2332122;103.7984428;30976199;10.75;8;9699;68.16;68.17;81.89;91.76;2.53;73.89
Tebo;-1.2592999;102.3463875;10597493;6.68;7.59;10546;69.35;70.02;83.38;69.97;2.83;70.65
Bungo;-1.6401338;101.8891721;13133523;6.23;8.28;11670;70.15;67.83;77.58;73.63;5.86;63.58
Kota Jambi;-1.6101;103.6131;19515486;9.02;11.2;12240;79.12;72.71;93.22;95.83;10.66;63.12
Kota Sungai Penuh;-2.06314;101.387199;4768840;3.41;10.33;10454;75.7;72.21;74.04;90.55;3;64.92
Ogan Komering Ulu;-4.0283486;104.0072348;10114558;12.62;8.71;10040;69.6;68.24;82.72;81.78;4.57;69.96
Ogan Komering Ilir;-3.4559744;105.2194808;20909479;14.68;7.05;10755;67.17;68.67;68.09;79.02;3.01;69.68
Muara Enim;-3.651581;103.770798;43987266;12.32;7.8;10995;68.86;69.02;84.35;89.48;5.03;69.57
Lahat;-3.7863889;103.5427778;13002365;16.46;8.52;9735;67.58;66.16;70.44;81.67;3.6;69.54
Musi Rawas;-2.8625305;102.989615;14032621;13.89;7.53;9550;67.01;68.26;69.22;83.15;2.78;70.53
Musi Banyuasin;-2.5442029;103.7289167;46128391;15.84;7.63;10140;68.1;68.84;71.07;79.37;3.99;69.18
Banyu Asin;-2.6095639;104.7520939;20767642;10.75;7.44;9860;67.13;69.06;72.2;76.97;3.84;65.54
Ogan Komering Ulu Selatan;-4.6681951;104.0072348;5985137;11.12;7.85;8585;65.34;67.07;56.2;77.12;3.23;76.17
Ogan Komering Ulu Timur;-3.8567934;104.7520939;10551001;10.6;7.56;11531;69.58;69.17;83.86;93.32;3.18;71.31
Ogan Ilir;-3.426544;104.6121475;7775123;13.82;7.87;10454;67.17;65.6;67.92;72.53;3.07;68.48
Empat Lawang;-3.7286029;102.8975098;3605939;13.35;7.64;9400;65.39;65.13;51.7;51.87;2.41;72.3
Penukal Abab Lematang Ilir;-3.21342;104.08722;4819885;12.91;7.05;8210;64.88;68.33;94.31;87.49;3.61;73.13
Musi Rawas Utara;-2.7352;102.9015;5706543;20.11;7.09;9855;64.93;65.76;65.9;80.33;6.72;69.69
Kota Palembang;-2.9911083;104.7567333;107250192;11.34;10.75;14704;78.72;71.01;94.21;97.43;10.11;63.93
Kota Prabumulih;-3.440956;104.235397;5541968;12.2;9.97;12752;74.67;70.47;95.33;93.77;5.86;69.41
Kota Pagar Alam;-4.03767;103.265297;2332447;9.4;9.4;8877;68.68;66.85;58.66;93.16;1.64;74.2
Kota Lubuklinggau;-3.2966667;102.8616667;4470232;13.23;9.9;13267;74.89;69.39;85.5;96.1;6.27;73.6
Bengkulu Selatan;-4.3248409;103.035694;3742506;18.16;9.27;9916;70.75;67.93;74.74;58.22;2.55;73.95
Rejang Lebong;-3.4548154;102.6675575;6274229;15.85;8.33;10323;70.77;68.75;71.5;65.07;2.45;76.09
Bengkulu Utara;-3.4219555;102.1632718;5425357;11.61;8.09;10410;69.28;68.27;81.36;53.11;3.51;67.62
Kaur;-4.6792278;103.4511768;2333305;18.62;8.38;8638;67.17;66.73;78.63;86.2;3.45;69.28
Seluma;-4.0622929;102.5642261;2932955;18.72;8;8256;67.03;67.9;84.29;47.04;3.44;70.13
Mukomuko;-2.5760003;101.1169805;3429923;11.93;8.3;10405;68.64;66.73;86.79;75.99;3.68;64.11
Lebong;-2.992617;104.382202;2192263;12;8.18;11317;67.46;63.4;51.55;57.37;3.18;72.01
Kepahiang;-3.651431;102.578201;2894350;14.83;8.29;9377;68.62;68.08;66.88;62.65;1.89;75.59
Bengkulu Tengah;-3.6962;102.3922;2951442;9.68;7.48;9471;67.96;68.19;80.23;63.06;4.07;67.32
Kota Bengkulu;-3.7928;102.2608;15833195;17.89;11.8;14108;80.54;70.2;95.8;92.21;6.35;65.42
Lampung Barat;-5.1490396;104.1930918;5053324;12.82;8.07;9969;67.9;67.65;76.5;70.96;2.83;83.23
Tanggamus;-5.3027489;104.5655273;10924782;11.81;7.34;9266;66.65;68.67;68.96;63.9;2.93;68.76
Lampung Selatan;-5.5622614;105.5474373;30541213;14.19;7.7;9931;68.49;69.42;94.4;87.92;5.27;66.05
Lampung Timur;-5.1134995;105.6881788;29000404;15.08;7.77;10026;69.66;70.78;86.29;84.35;3.05;68.67
Lampung Tengah;-4.8008086;105.3131185;48710038;11.99;7.59;11259;70.23;69.87;79.37;78.9;4.31;72.26
Lampung Utara;-4.8133905;104.7520939;16727892;19.63;8.34;8737;67.89;69.3;75.03;62.78;6.14;66.7
Way Kanan;-4.4963689;104.5655273;9736500;13.09;7.71;9173;67.57;69.46;78.66;65.12;3.36;74.78
Tulangbawang;-4.3176576;105.5005483;16062917;9.67;7.55;10735;68.73;70.01;84.83;80.65;4.1;68.32
Pesawaran;-5.493245;105.0791228;11492493;15.11;7.71;7934;66.14;69.15;83.73;87.07;4.19;65.42
Pringsewu;-5.3539884;104.9622498;7870162;10.11;8.39;10302;70.45;70.27;88.91;96.68;4.85;67.03
Mesuji;-4.0044783;105.3131185;7107313;7.54;7.08;7980;64.04;68.26;78.98;80.27;3.42;69.21
Tulang Bawang Barat;-4.43975;105.0444;7970781;8.32;7.39;8422;66.22;70.03;75.33;42.81;3.35;72.32
Pesisir Barat;-5.19323;103.93976;3133190;14.81;8.19;8533;64.3;63.66;76.68;74.53;3.08;74.62
Kota Bandar Lampung;-5.45;105.2666667;39818098;9.11;10.95;12247;77.58;71.42;95.45;98.47;8.85;67.18
Kota Metro;-5.1166667;105.3;4358386;8.93;10.97;11916;77.49;71.66;94.64;94.53;5;66.71
Bangka;-1.8743;105.923;10733700;4.81;8.25;12424;72.46;71.14;95.73;64.24;5.97;62.68
Belitung;-2.7217;107.7636;6710007;7.15;8.47;13563;72.57;71.1;94.57;66.31;3.51;66.28
Bangka Barat;-1.8405;105.5005;10331789;2.75;7.44;12269;69.6;70.08;89.99;80.18;3.83;65.98
Bangka Tengah;-2.4008;106.2051;5986898;5.13;7.2;12945;70.89;71.52;92.66;77.33;4.95;66.24
Bangka Selatan;-2.7411;106.4406;6275555;3.69;6.71;11768;67.06;68.35;83.39;69.15;5.29;68.96
Belitung Timur;-2.8678;108.1429;5713650;7.2;8.47;11760;71.42;72.1;89.46;60.01;3.78;69.23
Kota Pangkal Pinang;-2.1316;106.1169;9611883;4.76;10.13;15716;78.57;73.41;96.78;96.3;6.81;65.16
Karimun;1.05;103.3666667;9332771;6.85;8.18;11879;71.7;71.11;92.88;88.1;7.2;60.86
Bintan;1.0619173;104.5189214;13933491;6.42;8.67;14393;74.57;70.46;79.76;76.64;8.62;63.19
Natuna;3.9329945;108.1812242;14645400;4.95;8.92;14711;73.09;65.31;70.71;81.26;5.15;72.31
Lingga;-0.1627686;104.6354631;2971547;13.93;6.88;11938;65.83;62.39;68.18;81.25;4.23;64.49
Kepulauan Anambas;3.1055459;105.6537231;11108487;7.09;7.34;11950;69.23;67.36;33.8;20.51;1.27;70.3
Kota Batam;1.0456264;104.0304535;111068955;5.05;11.15;18034;81.12;73.36;97.83;95.63;11.64;71.06
Kota Tanjung Pinang;0.9179205;104.446464;14020211;9.57;10.26;15439;78.93;72.18;84.47;91.66;6.31;60.56
Kepulauan Seribu;-5.6629;106.5683;3649179;15.06;8.81;12587;72.1;68.99;83.75;94.22;8.58;65.45
Kota Jakarta Selatan;-6.25;106.8;429398830;3.56;11.64;23888;84.9;74.2;96.51;99.96;7.33;61.44
Kota Jakarta Timur;-6.21;106.94;313842135;4.28;11.67;17733;82.97;74.54;96.73;99.58;8.23;60.85
Kota Jakarta Pusat;-6.17;106.82;460081046;4.94;11.39;17365;81.56;74.19;89.56;100;7.75;63.17
Kota Jakarta Barat;-6.2;106.7;327622101;4.31;10.78;20801;81.76;73.69;97.75;100;9.06;63.21
Kota Jakarta Utara;-6.12;106.9;330894597;7.24;10.81;18762;80.51;73.35;90.61;100;9.84;65.79
Bogor;-6.32;106.17;159582645;8.13;8.31;10410;70.6;71.36;63.91;91.83;12.22;62.55
Sukabumi;-6.987276;106.551093;47933519;7.7;7.1;8850;67.07;71.21;64.35;81.34;9.51;64.93
Cianjur;-6.821201;107.140035;32897517;11.18;7.19;8052;65.56;70.32;58.52;86.25;9.32;67.98
Bandung;-7.029833;107.519896;83947149;7.15;9.07;10307;72.73;73.72;64.51;99.07;8.32;65.12
Garut;-7.206877;107.898243;39981191;10.65;7.53;7961;66.45;71.59;43.73;77.35;8.68;62.76
Tasikmalaya;-7.366095;108.102084;25179475;11.15;7.48;7829;65.9;69.67;49.35;85.26;6.16;68.18
Ciamis;-6.75;108.38;22774934;7.97;7.9;9259;70.93;72.02;66.59;90.12;5.06;69.83
Kuningan;-6.976605;108.484902;17483024;13.1;7.8;9409;69.71;73.78;80.98;94.4;11.68;63.82
Cirebon;-6.757837;108.480462;34128554;12.3;7.1;10368;69.12;72.18;83.41;96.54;10.38;64.49
Majalengka;-6.835273;108.227655;22788754;12.33;7.31;9591;67.81;70.46;80.59;96.8;5.71;67.63
Sumedang;-6.85;107.92;24414663;10.71;8.52;10262;71.8;72.62;87.87;94.16;9.18;68.51
Indramayu;-6.326965;108.322256;59544866;13.04;6.52;9810;67.64;71.84;89.75;97.95;8.3;69.86
Subang;-6.56985;107.762831;29023194;10.03;7.11;10854;69.13;72.58;85.82;98.75;9.77;67.78
Purwakarta;-6.538564;107.443557;46840149;8.83;8.1;11669;70.98;71.18;72.61;81.5;10.7;61.13
Karawang;-6.3;107.3;166941492;8.95;7.78;11522;70.94;72.33;77.19;96.63;11.83;64.19
Bekasi;-6.365909;107.173086;251828575;5.21;9.3;11341;74.45;73.81;81.02;95.02;10.09;65.87
Bandung Barat;-6.841057;107.512384;31701786;11.3;8.2;8546;68.29;72.52;63.78;92.47;11.65;60.75
Pangandaran;-7.701655;108.49422;8022781;9.65;7.85;9065;68.28;71.6;81.49;80.78;3.25;74.75
Kota Bogor;-6.597803;106.799263;33372476;7.24;10.53;11716;76.59;73.82;75.35;98.14;11.79;61.77
Kota Sukabumi;-6.932;106.918564;8851051;8.25;9.81;10942;74.6;72.58;39.64;98.37;10.78;56.86
Kota Bandung;-6.95;107.57;200414035;4.37;10.99;16996;81.96;74.46;48.9;99.51;11.46;65.31
Kota Cirebon;-6.73969;108.552968;17154552;10.03;10.12;11810;75.25;72.44;92.71;99.34;10.53;62.87
Kota Bekasi;-6.2333;107;69796936;4.74;11.31;15903;81.95;75.19;97.54;100;10.88;64.76
Kota Depok;-6.405031;106.817308;49946927;2.58;11.46;15420;81.37;74.62;97.06;99.52;9.76;62.62
Kota Cimahi;-6.880038;107.53852;23275779;5.35;11.08;12019;78.06;74.21;78.67;97.93;13.07;61.79
Kota Tasikmalaya;-7.325802;108.220181;15981251;13.13;9.52;10213;73.31;72.34;52.62;94.4;7.66;65.75
Kota Banjar;-7.37;108.53;3364261;7.11;8.77;10476;71.92;71.19;81.92;97.21;6.09;64.07
Cilacap;-7.73;109;91944588;11.67;7.09;10534;70.42;73.9;76.42;93.37;9.97;62.91
Banyumas;-7.61;109.35;40686808;13.66;7.63;11546;72.44;73.8;79.97;91.49;6.05;65.07
Purbalingga;-7.28;109.35;17731438;16.24;7.25;10032;69.15;73.21;76.33;85.18;6.05;69.52
Banjarnegara;-7.4;109.8;15536478;16.23;6.75;9407;67.86;74.28;40.75;82.61;5.86;69.76
Kebumen;-7.6294;109.5706;20253059;17.83;7.55;9028;70.05;73.55;88.99;86.36;6.03;67.76
Purworejo;-7.72;110.02;13582556;12.4;8.21;10275;72.98;74.87;79.81;85.99;3.59;73.29
Wonosobo;-7.361389;109.926669;14064765;17.67;6.82;10760;68.43;71.94;53.27;95.64;5.26;70.77
Magelang;-7.6575;110.2731;23661713;11.91;7.79;9440;70.12;73.88;78.4;94.14;5.03;75.78
Boyolali;-7.5322;110.6025;23447366;10.62;7.85;13031;74.4;76.03;87.72;93.42;5.09;75.79
Klaten;-7.6489;110.6358;28531109;13.49;8.81;12017;76.12;76.86;95.37;97.84;5.48;66.89
Sukoharjo;-7.68333;110.83333;27634118;8.23;9.35;11428;77.13;77.73;94.27;98.01;3.32;68.78
Wonogiri;-7.92;111.05;21251004;11.55;7.34;9429;70.49;76.28;92.97;98.82;2.43;73.09
Karanganyar;-7.5961;110.9508;27034108;10.68;8.57;11509;75.99;77.55;95.38;98.65;5.89;73.15
Sragen;-7.41278;110.935;27355146;13.83;7.66;12679;74.08;75.79;89.89;98.33;4.76;71.74
Grobogan;-7.03;110.9211;20115534;12.74;7.11;10294;70.41;74.84;89.37;76.14;4.38;72.88
Blora;-6.9;111.4;18126447;12.39;6.99;9669;69.37;74.51;90.51;94.84;3.81;70.54
Rembang;-6.72;111.35;13925516;15.8;7.3;10519;70.43;74.61;89.94;95.36;3.67;70.67
Pati;-6.753503;111.040475;31559079;10.21;7.48;10506;72.28;76.27;91.67;99.72;4.6;68.99
Kudus;-6.8;110.83;69556928;7.6;8.76;11272;75.16;76.68;93.8;98.9;3.77;74.77
Jepara;-6.5333;110.6667;21944232;7.44;7.79;10536;72.36;75.91;66.59;81.48;4.23;69.55
Demak;-6.88;110.67;18856416;12.92;7.86;10248;72.57;75.46;91.38;96.71;5.28;66.23
Semarang;-7.2656;110.3358;35946100;7.82;8.03;12070;74.24;75.79;91.01;98.25;5.02;74.1
Temanggung;-7.3;110.17;15387930;10.17;7.25;9408;69.88;75.64;68.05;91.87;2.62;74.01
Kendal;-7.0256;110.1685;31632276;10.24;7.46;11608;72.5;74.48;83.81;92.65;7.55;69.93
Batang;-6.8628;110.0517;15764266;9.68;6.88;9524;68.92;74.74;66.96;98.38;6.59;71.4
Pekalongan;-6.8825;109.67;16615066;10.57;7.17;10409;70.11;73.74;78.57;96.2;4.28;71.46
Pemalang;-6.8906;109.3808;18916262;16.56;6.45;8573;66.56;73.53;77.89;95.14;6.71;65.9
Tegal;-6.87;109.15;25402911;8.6;6.99;9700;68.79;71.72;84.23;98.87;9.97;66.24
Brebes;-7.07;108.88;33456328;17.43;6.22;10152;66.32;69.54;80.1;92.6;9.78;63.97
Kota Magelang;-7.4706;110.2178;6513895;7.75;10.62;12349;79.43;76.93;84.04;100;8.73;67.07
Kota Surakarta;-7.566667;110.816667;36211248;9.4;10.9;14911;82.62;77.32;88.73;99.82;7.85;66.89
Kota Salatiga;-7.3389;110.5022;9820287;5.14;10.66;15843;83.6;77.55;98.07;98.78;7.26;70.36
Kota Semarang;-6.966667;110.416667;144710663;4.56;10.78;15425;83.55;77.51;93.67;98.42;9.54;69.41
Kota Pekalongan;-6.8883;109.6753;7601486;7.59;9.18;12598;75.4;74.44;94.62;99.28;6.89;75.77
Kota Tegal;-6.87;109.13;11290269;8.12;8.73;13143;75.52;74.54;92.77;100;8.25;68.25
Kulon Progo;-7.645;110.0269;8778800;18.38;9.02;10069;74.71;75.27;95.95;89.33;3.69;76.72
Bantul;-7.88461;110.33411;19773332;14.04;9.57;15545;80.28;73.89;96.2;96.11;4.04;71.64
Gunung Kidul;-7.96668;110.602561;14216362;17.69;7.3;9505;70.16;74.19;96;94.7;2.2;75.99
Sleman;-7.68167;110.32333;35786977;8.64;10.92;16060;84;74.92;98.41;96.26;5.17;73.05
Kota Yogyakarta;-7.801389;110.364444;28390085;7.69;11.72;18801;87.18;74.76;98.17;100;9.13;71.86
Pacitan;-8.2;111.12;11107402;15.11;7.61;8887;68.57;72.07;71.7;76.71;2.04;80.57
Ponorogo;-7.8686;111.4619;14619969;10.26;7.55;9851;71.06;72.85;87.49;96.3;4.38;72.63
Trenggalek;-8.05;111.72;12959018;12.14;7.56;9743;70.06;73.86;75.48;75.78;3.53;72.36
Tulungagung;-8.0667;111.9;27390424;7.51;8.34;10807;73.15;74.16;85.37;97.4;4.91;72.26
Blitar;-8.13333;112.25;25700019;9.65;7.5;10757;71.05;73.61;75.67;93.33;3.66;70.44
Kediri;-7.83333;112.16667;29361672;11.64;8.08;11127;72.56;72.65;86.92;96.35;5.15;69.34
Malang;-7.9797;112.6304;68619103;10.5;7.43;10163;70.6;72.61;80.79;94.14;5.4;68.49
Lumajang;-8.13;113.22;22623402;10.05;6.67;9203;66.07;70.21;83.24;95.73;3.51;66.19
Jember;-8.1689;113.7022;54688719;10.41;6.49;9410;67.32;69.28;64.17;94.35;5.44;68.97
Banyuwangi;-8.218611;114.366944;55471065;8.07;7.42;12217;71.38;70.72;81.15;94.16;5.42;72.32
Bondowoso;-7.9404;113.9834;13921654;14.73;5.94;10690;66.59;66.89;52.82;93.44;4.46;73.89
Situbondo;-7.7;114;13715834;12.63;6.62;9996;67.78;69.24;59.79;98.88;3.68;71.63
Probolinggo;-7.7353;113.4717;23664388;18.91;6.12;10969;66.26;67.36;62.14;93.18;4.55;73.24
Pasuruan;-7.73333;112.83333;107630268;9.7;7.41;10297;68.93;70.25;82.92;97.36;6.03;69.03
Sidoarjo;-7.45303;112.71733;141000359;5.93;10.72;14578;80.65;74.06;95.05;96.82;10.87;66.47
Mojokerto;-7.55;112.5;60198699;10.62;8.64;12844;74.15;72.59;87.34;98.37;5.54;70.47
Jombang;-7.47;112.23;28553448;10;8.55;11394;73.45;72.49;90.95;99.44;7.09;70.69
Nganjuk;-7.6;111.9333;18640685;11.85;7.78;12172;71.97;71.6;81.84;99.03;4.98;64.24
Madiun;-7.61667;111.65;13372330;11.91;7.82;11658;71.88;71.5;89.09;95.1;4.99;67.77
Magetan;-7.65;111.37;13417032;10.66;8.36;11833;74.15;72.65;88.4;99.9;3.86;73.31
Ngawi;-7.4;111.43;13823456;15.57;7.26;11459;71.04;72.41;79.35;99.92;4.25;72.88
Bojonegoro;-7.15;111.88;65839509;13.27;7.38;10221;69.59;71.72;90.96;97.24;4.82;71.84
Tuban;-6.9;112.1;43984689;16.31;7.18;10380;68.91;71.56;83.8;96.4;4.68;73.77
Lamongan;-7.12;112.42;27896543;13.86;8.04;11510;73.12;72.49;89.7;81.98;4.9;70.72
Gresik;-7.1539;112.6561;101318686;12.42;9.56;13280;76.5;72.67;91.56;88.99;8;69.43
Bangkalan;-7;113;17152779;21.57;5.96;8673;64.36;70.22;39.44;97.39;8.07;68.66
Sampang;-7.05;113.25;13984568;23.76;4.86;8790;62.8;68.07;76.22;89.34;3.45;70.19
Pamekasan;-7.17;113.47;11496236;15.3;6.7;8804;66.4;67.67;70.85;89.15;3.1;65.88
Sumenep;-7.02;113.87;24161351;20.51;5.92;9000;67.04;71.56;65.66;98.29;2.31;75.63
Kota Kediri;-7.816611;112.011917;86485594;7.75;10.15;12359;78.6;74.04;95.75;98.95;6.37;67.35
Kota Blitar;-8.098611;112.165278;4924572;7.89;10.35;13816;78.98;73.86;96.77;97.08;6.61;69.96
Kota Malang;-7.98;112.62;53309702;4.62;10.41;16663;82.04;73.36;87.08;99.93;9.65;67.59
Kota Probolinggo;-7.75;113.216667;8361142;7.44;8.95;12245;73.66;70.35;89.77;99.66;6.55;69.71
Kota Pasuruan;-7.633333;112.9;5914585;6.88;9.33;13354;75.62;71.6;92.1;99.65;6.23;71.66
Kota Mojokerto;-7.472222;112.433611;4976490;6.39;10.47;13610;78.43;73.39;95.49;99.63;6.87;67.09
Kota Madiun;-7.63;111.523056;10748101;5.09;11.37;16095;81.25;72.83;97.31;99.53;8.15;66.87
Kota Surabaya;-7.2458;112.7378;407726799;5.23;10.5;17862;82.31;74.18;95.2;98.06;9.68;67.3
Kota Batu;-7.866667;112.516667;11471435;4.09;9.31;12887;76.28;72.65;95.57;100;6.57;73.74
Pandeglang;-6.3092;106.1047;20127757;10.72;7.11;8635;65.17;64.79;49.11;82.01;7.7;62.32
Lebak;-6.65;106.21667;21245043;10.29;6.41;8724;64.03;67.33;56.82;73.32;7.86;66.75
Tangerang;-6.3;106.5;97809902;7.12;8.61;12273;72.29;69.93;85.89;97.97;9.06;63.94
Serang;-6.15;106;54992522;5.49;7.51;10713;66.82;64.76;80.34;92.33;10.58;63.86
Kota Tangerang;-6.171389;106.640556;106705227;5.93;10.83;14575;78.5;71.6;94.94;98;9.07;64.52
Kota Cilegon;-6.0025;106.0111;77071368;4.24;10.08;13041;73.35;66.69;97.07;98.72;10.13;61.37
Kota Serang;-6.1104;106.164;23374085;6.79;8.89;13281;72.44;68.12;90.76;98.38;9.41;62.16
Kota Tangerang Selatan;-6.3225;106.708056;62364158;2.57;11.82;15751;81.6;72.47;98.84;99.22;8.6;62.56
Jembrana;-8.361852;114.6418;8892801;5.06;8.35;11675;72.75;72.46;96.24;92.11;4.11;81.26
Tabanan;-8.544516;115.119797;14516578;5.12;9.14;14326;76.45;73.75;98.34;98.15;3.94;74.98
Badung;-8.5819296;115.1770586;29049519;2.62;10.62;17327;81.83;75.18;99.59;100;6.93;72.52
Gianyar;-8.544185;115.3255;17254614;4.85;9.29;14391;77.7;73.78;93.48;98.71;6.9;69.88
Klungkung;-8.5389222;115.4045111;5595883;5.64;8.14;11287;71.75;71.41;95.91;99.96;5.35;72.83
Bangli;-8.454303;115.354897;4384701;5.09;7.18;11201;69.37;70.62;87.01;91.16;1.8;82.09
Karang Asem;-6.3996057;108.0503042;10570603;6.78;6.33;10175;67.36;70.56;87.36;98.45;2.32;81.15
Buleleng;-8.113831;115.126999;21797733;6.12;7.25;13362;72.56;71.95;94.15;93.38;5.38;73.08
Kota Denpasar;-8.65629;115.222099;32447056;2.96;11.48;19598;84.03;74.93;99.97;100;7.02;68.67
Lombok Barat;-8.6464599;116.1123078;10472388;14.47;6.42;11334;68.61;67.19;74.1;91.76;3.32;70.48
Lombok Tengah;-8.694623;116.2777073;12037665;13.44;6.29;9962;66.72;66.38;79.14;92.52;2.33;75.05
Lombok Timur;-8.5134471;116.5609857;14410804;15.38;6.71;9450;66.66;66.16;84.54;95;2.79;69.48
Sumbawa;-8.6529334;117.3616476;10221006;13.91;8.15;9167;68.01;67.73;88.01;96.88;3.39;66.86
Dompu;-8.4966318;118.4747173;4979197;12.6;8.72;8899;68.45;66.99;83.72;96.57;3.02;67.56
Bima;-8.4354;118.6265;8085529;14.88;7.91;8495;66.66;66.5;81.04;96.4;1.58;71.65
Sumbawa Barat;-8.9292907;116.8910342;16416012;13.54;8.72;11548;71.85;68.31;92.93;95.41;5.52;71.02
Lombok Utara;-8.3739076;116.2777073;3262262;27.04;6.04;9057;64.77;67.36;79.23;88.35;1.75;73.43
Kota Mataram;-8.5833333;116.1166667;13476129;8.65;9.54;14999;79.14;71.88;91.63;98.16;5.19;65.61
Kota Bima;-8.4643;118.7449;2939133;8.88;10.65;11135;76.11;70.5;90.68;99.93;3.56;75.46
Sumba Barat;-9.6548326;119.3947135;1452224;28.39;6.84;7307;63.83;67.12;54.33;86.7;1.74;74.14
Sumba Timur;-9.9802103;120.3435506;4009592;29.68;7.32;9354;65.74;65.16;69.06;79.63;3.35;72.39
Kupang;-9.91667;123.83333;4885118;22.98;7.39;7476;64.41;64.91;74.92;84.61;3.99;73.76
Timor Tengah Selatan;-9.7762816;124.4198243;4883924;26.64;6.74;6839;62.16;66.46;50.15;61.59;2.57;78.59
Timor Tengah Utara;-9.4522647;124.597132;2949220;22.62;7.96;6324;63.69;67.09;70.03;87.35;3.88;78.41
Belu;-9.4125796;124.9506625;3020198;15.68;7.36;7431;62.77;64.89;71.8;88.28;5.35;70.81
Alor;-8.2754027;124.7298765;2045994;21.09;8.42;6751;61.37;61.64;83.16;74.43;2.59;72.4
Lembata;-8.4719075;123.4831906;1180363;26.21;8.23;7257;64.75;67.2;91.88;92.91;4.94;68.24
Flores Timur;-8.3130942;122.9663018;3517877;11.14;7.72;7578;64.22;65.31;93.06;99.04;3.81;71.8
Sikka;-8.6766175;122.1291843;3371315;13.35;6.95;8021;65.41;67.45;83.14;92.11;4.54;73.92
Ende;-8.854053;121.654198;4162984;24.13;8.03;9027;67.3;65.43;86.63;98;2.61;77.57
Ngada;-8.7430424;120.9876321;2335872;12.58;8.53;8819;67.88;68.12;91.4;94.55;2.99;72.49
Manggarai;-8.6796987;120.3896651;3025880;20.48;7.61;7133;65.01;67.11;72.84;91.68;3.7;77.6
Rote Ndao;-10.7386421;123.1239049;1971699;28.08;7.71;6503;62.6;64.88;87.53;92.31;3.67;74.16
Manggarai Barat;-8.6688149;120.0665236;2296768;17.92;7.56;7410;64.17;67.46;72.81;90.63;4.94;73.18
Sumba Tengah;-9.4879226;119.6962677;767260;34.27;6.47;6061;61.8;68.42;50.54;60.68;1.45;69.12
Sumba Barat Daya;-9.539139;119.1390642;2355164;28.18;6.35;6355;62.29;68.57;42.15;82.75;2.04;83.33
Nagekeo;-8.6753545;121.3084088;1406360;12.91;7.9;8254;65.82;67.25;89.07;94.29;0.97;67.19
Manggarai Timur;-8.6206712;120.6199895;2086842;26.5;7.35;5780;61.37;68.07;46.98;75.63;1.96;81.95
Sabu Raijua;-10.5541116;121.8334868;785138;30.13;6.66;5256;57.03;60.66;81.28;49.98;1.25;68.82
Malaka;-9.5672;124.9075;1915540;16.33;7.1;5861;60.42;65.01;71.08;86.02;3.43;70.1
Kota Kupang;-10.1833333;123.5833333;16530278;9.17;11.6;13218;79.74;69.73;89.86;96.59;9.76;62.34
Sambas;1.361328;109.309998;13948120;7.66;6.72;9828;67.1;69.08;92.66;95.6;3.97;72.84
Bengkayang;0.8209729;109.477699;5842930;6.48;6.8;9193;68.04;73.84;82.17;74.51;4.42;70.16
Landak;0.4237287;109.7591675;7312662;10.99;7.12;7431;66.21;73.04;62.85;65.54;3.22;70.19
Mempawah;-0.022523;109.330307;5466323;5.18;7.04;7758;66.03;71.18;83.95;88.86;7.71;60.86
Sanggau;0.119275;110.597298;13790449;4.55;7.39;8328;66.2;71.42;70.34;81.68;3.45;69.41
Ketapang;-1.859098;109.971901;18848703;10.13;7.46;9209;67.43;71.11;75.46;57.25;6.94;64.44
Sintang;0.080238;111.495499;9731976;9.28;7.08;8708;66.93;71.84;65.33;52.13;3.95;77.78
Kapuas Hulu;-0.7931004;113.9060624;6510868;8.93;7.53;7168;65.75;72.53;69.7;77;4.18;72.35
Sekadau;0.015637;110.888603;4435321;6.26;6.85;7462;64.93;72.05;69.63;48.85;2.92;71.98
Melawi;-0.7000681;111.6660725;3500136;12.01;6.91;8415;65.87;72.98;71.62;66.05;2.66;72.31
Kayong Utara;-0.9225877;110.0449662;2632989;9.33;6.02;7920;62.9;68.48;71.34;98.84;3.78;65.53
Kubu Raya;-0.3533938;109.4735066;18754974;4.34;7;8630;68.16;70.69;75.74;96.76;7.02;67.47
Kota Pontianak;-0.0263;109.3425;24919417;4.58;10.43;14610;79.93;73.12;96.48;96.3;12.38;61.94
Kota Singkawang;0.908795;108.984596;6977774;4.83;7.9;11767;72.11;72.18;92.21;89.96;9.16;64.31
Kotawaringin Barat;-6.1961131;106.8630174;13733984;3.95;8.53;13117;73.07;70.68;90.73;86.62;4.7;70.01
Kotawaringin Timur;-6.1952992;106.8630737;18269734;5.91;8.15;11866;71.38;69.9;72.62;85.37;5.15;66.57
Kapuas;-0.0459972;110.1313251;11306032;5.35;7.6;11148;69.63;68.78;49.23;71.11;4.91;70.23
Barito Selatan;-1.875943;114.8092691;4326702;4.62;8.95;11492;70.54;67.19;63.66;54.41;4.16;63.48
Barito Utara;-0.9587136;115.094045;7151778;5.61;8.85;9951;70.79;71.3;72.23;60;5.14;70.45
Sukamara;-2.6267517;111.2368084;3043322;3.66;8.09;8773;68.27;71.56;81.37;86.1;4.65;71.82
Lamandau;-1.9269166;111.1891151;3968760;3.56;8.43;11234;70.58;69.39;81.89;67.26;2.3;70.44
Seruyan;-3.0123467;112.4291464;6033556;7.22;7.96;9420;67.67;69.26;75.65;61.04;4.25;71.46
Katingan;-0.9758379;112.8105512;5087479;5.25;8.68;10568;68.89;65.87;73.65;83.35;5.5;64.38
Pulang Pisau;-2.6849607;113.9536466;3596824;4.24;8.19;10082;68.53;68.1;63.1;87.5;2.6;73.45
Gunung Mas;-6.7052778;106.9913889;3804709;5.35;9.18;10809;71.03;70.46;84.88;62.89;3.11;69.7
Barito Timur;-2.0123999;115.188916;5336339;6.38;9.23;11322;71.47;68.31;77.92;67.21;3.22;78.4
Murung Raya;-0.1362171;114.3341432;5975994;6.15;7.61;10449;68.12;69.53;59.18;61.05;3.03;67.62
Kota Palangka Raya;-2.21;113.92;11031469;3.75;11.53;14070;80.82;73.24;92.38;99.92;5.86;63.3
Tanah Laut;-3.7694047;114.8092691;10516399;4.57;7.89;11310;69.87;69.59;66.42;63.52;3.52;72.27
Kota Baru;-6.332973;106.807915;17887219;4.86;7.46;11720;69.13;69.32;70.96;64.08;5.57;67.5
Banjar;-7.3666667;108.5333333;12108903;3.04;7.52;12707;69.89;67.41;77.19;65.72;3.98;70.84
Barito Kuala;-3.0714738;114.6667939;5942832;5.11;7.55;9868;66.64;66.27;55.29;65.15;3.22;75.48
Tapin;-2.9160746;115.0465991;6575521;3.6;7.77;11952;70.31;70.57;79.28;78.59;4.96;70.31
Hulu Sungai Selatan;-2.7662681;115.2363408;4844532;4.84;7.76;12736;69.21;66.12;83.69;72.32;2.44;69.25
Hulu Sungai Tengah;-2.6153162;115.5207358;4978193;6.18;8.01;12280;69.05;66.2;87.62;90.76;3.76;70.2
Hulu Sungai Utara;-2.4421225;115.188916;3409822;6.83;7.75;9644;66.12;64.1;88.09;88.01;4.8;71.41
Tabalong;-1.864302;115.5681084;14957253;6.27;9.11;11470;72.6;70.57;96.54;72.5;3.43;71.49
Tanah Bumbu;-3.4512244;115.5681084;16047002;4.82;7.97;11844;71;70.45;86.7;62.41;6.83;68.29
Balangan;-2.3260425;115.6154732;9477288;6.07;7.69;11500;69.11;67.85;89.42;76.08;2.44;75.38
Kota Banjarmasin;-3.328499;114.589203;22672492;4.89;10.2;14432;77.57;71.29;91.48;99.67;8.47;63.19
Kota Banjar Baru;-3.4666667;114.75;6321365;4.4;10.96;13789;79.26;72.1;89.11;84.78;5.7;65.95
Paser;-1.7175266;115.9467997;36588972;9.73;8.79;10673;72.93;72.88;81.31;62.79;5.7;65.34
Kutai Barat;0.1353881;115.094045;21509219;10.24;8.7;10062;72.07;73.1;87.81;67.08;5.14;72.53
Kutai Kartanegara;-0.1336655;116.6081653;124178505;7.99;9.23;11048;74.06;72.64;84.22;76.8;5.66;64.46
Kutai Timur;0.9433774;116.9852422;91906125;9.81;9.43;10868;73.81;73.46;86.52;78.97;5.35;67.97
Berau;2.0450883;117.3616476;28802736;5.88;9.53;12435;75.2;72.32;88.4;87.34;5.82;65.55
Penajam Paser Utara;-1.2917094;116.5137964;6492343;7.61;8.36;11651;72.01;71.68;84.53;78.76;2.95;66.85
Mahakam Hulu;0.5;115.28;1786101;11.9;8.18;7802;67.95;72.33;91.67;49.45;3.14;74.83
Kota Balikpapan;-1.2635389;116.8278833;86796991;2.89;10.91;14862;80.71;74.76;93.25;99.72;8.94;64.29
Kota Samarinda;-0.502183;117.153801;46282119;4.99;10.49;14582;80.76;74.54;97.17;96.53;8.16;64.29
Kota Bontang;0.1333333;117.5;39949434;4.62;10.8;16765;80.59;74.55;93.95;99.85;9.92;66.63
Malinau;3.584221;116.647797;8190168;7.3;9.4;9928;72.32;71.49;67.88;70.85;4.14;71.49
Bulungan;2.9042476;116.9852422;12014801;10.03;9.19;9423;71.8;72.74;93.04;75.44;4.54;68.62
Tana Tidung;3.551869;117.0794082;3818805;5.15;8.8;7676;67.76;71.49;83.29;85.88;5.26;67.35
Nunukan;4.0609227;117.666952;16353329;6.79;8.17;7064;66.46;71.4;78.49;85.46;4.24;66.11
Kota Tarakan;3.3;117.6333333;22965209;6.71;9.98;11261;76.23;74.04;77.58;98.73;4.94;63.34
Bolaang Mongondow;0.6870994;124.0641419;5726207;7.58;8.03;10220;68.16;69.45;73.7;88.23;4.85;62.06
Minahasa;1;124.5833333;12095806;7.67;9.73;12481;75.73;71.16;88.32;88.01;6.14;59.41
Kepulauan Sangihe;3.5303212;125.5438967;3204803;11.02;8.34;11524;71.07;70.18;84.73;93.51;4.72;63.6
Kepulauan Talaud;4.092;126.768;1665598;9;9.72;8558;69.83;70.24;86.83;84.61;2.3;79.19
Minahasa Selatan;1.0946773;124.4641848;6371366;9.37;9.09;11554;72.32;70.01;87.66;90.78;4.9;63.04
Minahasa Utara;1.5327973;124.994751;9884318;7.11;10;11481;74.11;71.4;90.75;88.2;8.12;61.99
Bolaang Mongondow Utara;0.818691;123.5280072;1749563;8.03;8.41;9143;67.39;67.73;73.45;79.62;5.23;64.43
Siau Tagulandang Biaro;2.345964;125.4124355;1681881;8.94;9.03;8145;68.05;70.87;93.94;96.71;3.39;63.09
Minahasa Tenggara;1.0278551;124.7298765;3769488;12.47;9.11;10479;71.06;70.21;87.91;92.98;3.39;64.87
Bolaang Mongondow Selatan;0.4053215;123.8411288;1386962;12.85;8.15;8939;65.42;64.49;70.18;86.1;4.6;59.05
Bolaang Mongondow Timur;0.7152651;124.4641848;1938799;6.1;7.93;9115;66.55;67.94;62.93;91.61;5.99;65.07
Kota Manado;1.4917014;124.842843;26056517;6.19;11.42;13991;79.2;71.9;87.76;95.89;12.17;59.08
Kota Bitung;1.4553529;125.204697;11846006;6.43;9.89;12271;74.2;71.1;89.35;96.68;9.96;62.22
Kota Tomohon;1.3234131;124.8384504;3215178;5.69;10.74;11851;76.86;72.06;96.42;96.34;8.84;57.9
Kota Kotamobagu;0.7333333;124.3166667;2497919;5.74;10.31;10848;73.47;70.6;71.57;98.06;7.32;64.77
Banggai Kepulauan;-1.6408137;123.5504076;2735237;13.72;8.44;7453;65.61;66.59;75.35;96.89;2.95;71.98
Banggai;-0.9562;122.6277;18864238;7.83;8.53;9603;70.6;70.88;82.46;95.18;3.57;71.8
Morowali;-2.3003072;121.5370003;54916245;13.75;9.34;11028;72.29;69.23;78.34;93.17;5.08;63.75
Poso;-1.391922;120.766998;6523785;15.92;9.5;8850;71.45;71.19;88.09;89.77;2.47;73.54
Donggala;-0.4233155;119.8352303;8544440;16.73;7.98;8002;65.72;67.5;64.9;89.42;3.5;67.47
Toli-Toli;0.8768231;120.7579834;5776241;13.51;8.76;7947;66.3;66.18;68.09;85.92;3.13;64.04
Buol;0.9695452;121.3541631;4029741;14.06;9.08;7974;68.25;69.05;70.2;86.25;3.64;67.52
Parigi Moutong;0.5817607;120.8039474;11621816;15.28;7.74;9675;65.82;64.35;63.98;76.15;2.97;68.82
Tojo Una-Una;-1.098757;121.5370003;3878590;16.6;8.4;7621;64.74;65.9;71.1;94.28;3.44;74.86
Sigi;-1.3834127;120.0665236;6426753;13.05;8.82;8171;68.49;70.09;78.31;78.08;2.38;70.76
Banggai Laut;-1.5888;123.5008;1678039;14.17;8.63;7707;65.65;65.67;61.77;92.44;3.35;61.42
Morowali Utara;-1.987;121.339;8916699;13.9;8.72;8890;68.48;69.71;79.88;83;2.98;68.47
Kota Palu;-0.898583;119.850601;16385580;7.17;11.72;14894;81.7;71.09;91.74;98.23;7.61;65.07
Kepulauan Selayar;-6;120.5;3765558;12.45;8.08;9060;67.76;68.52;75.57;89.51;2.81;69.07
Bulukumba;-5.4329368;120.2051096;9013584;7.43;7.82;10632;69.62;68.1;92.08;87.43;3.14;65.46
Bantaeng;-5.5169316;120.0202964;6151447;9.41;6.77;11829;68.99;70.6;77.8;97.23;4.07;74.32
Jeneponto;-5.554579;119.6730939;7058350;14.28;6.6;9215;64.56;66.49;81.48;98.54;2.38;67.39
Takalar;-5.4162493;119.4875668;6908048;8.25;7.49;10543;67.72;67.3;90.15;97.04;3.93;65.84
Gowa;-5.3102888;119.742604;15043696;7.54;8.2;9504;70.29;70.45;97.2;95.46;4.3;68.89
Sinjai;-5.2171961;120.112735;7576835;8.84;7.78;9505;67.75;67.38;87.13;88.41;2.61;71.91
Maros;-4.94695;119.578903;12400617;9.57;8.01;11032;70.41;69.04;87.74;83.38;6.3;59.61
Pangkajene Dan Kepulauan;-4.805035;119.5571677;17500610;14.28;7.92;11519;69.21;66.78;86.35;89.34;5.86;64.43
Barru;-4.4172651;119.6730939;5069995;8.68;8.24;11017;71.13;69.07;93.92;97.01;6.74;58.14
Bone;-2.083333;120.216667;23273868;10.52;7.23;9030;66.4;67.21;94.28;90.09;4.15;65.67
Soppeng;-4.3518541;119.9277947;7585976;7.53;7.82;9558;68.99;69.81;92.39;96.58;3.92;58.94
Wajo;-4.022229;120.0665236;13569283;6.46;7.05;12505;69.62;67.48;95.03;87.87;4.32;64.58
Sidenreng Rappang;-3.7738981;120.0202964;8866074;5.04;7.94;12201;71.54;70.01;98.52;99.04;4.93;58.7
Pinrang;-3.793071;119.6408;13472493;8.81;7.87;11956;71.45;69.77;94.72;91.87;4.06;57.78
Enrekang;-3.563128;119.7612;4884373;12.47;8.91;10973;72.91;70.93;89.11;73.03;2.34;72.64
Luwu;-3.3052214;120.2512728;10449750;12.53;8.35;10116;70.85;70.44;88.55;83.38;4.8;64.22
Tana Toraja;-3.0753003;119.742604;4780984;12.27;8.51;7434;69.49;73.4;83.75;71.57;3.09;77.99
Luwu Utara;-2.2690446;119.9740534;8491499;13.59;7.86;11736;70.02;68.67;93.72;84.03;3.91;63.07
Luwu Timur;-2.5825518;121.1710389;16030502;6.94;8.81;12886;73.34;70.63;92.85;79.11;4.96;73.14
Toraja Utara;-2.8621942;119.8352303;5357129;11.99;8.25;8134;69.75;73.41;87.62;72.8;2.61;71.56
Kota Makassar;-5.1333333;119.4166667;126312828;4.82;11.43;17097;82.66;72.13;93.75;99.58;13.18;59.7
Kota Parepare;-4.0166667;119.6236111;5161916;5.4;10.65;13786;78.21;71.31;98.21;99.09;6.72;66.94
Kota Palopo;-3;120.2;5768275;8.14;10.94;13117;78.38;70.92;92.09;96.22;8.83;59.95
Buton;-5.3096355;122.9888319;2847090;13.92;7.92;7324;66.32;68.39;79.37;97.98;4.74;64.42
Muna;-4.901629;122.6277455;5229546;13.54;8.46;8218;69.17;70.41;79.85;92.1;4.97;66.5
Konawe;-3.9380432;122.0837445;7826408;13.03;9.21;10151;71.48;70.32;89.72;86.3;4.56;70
Kolaka;-4.049665;121.593803;18999351;12.43;8.99;12525;73.56;71.21;87.35;85.69;3.62;69.83
Konawe Selatan;-4.2027915;122.4467238;8655572;11.34;8.11;9059;68.58;70.87;76.75;86.99;2.14;71.98
Bombana;-4.6543462;121.9017954;4873717;10.76;8.04;8310;66.25;69.09;82.5;92.06;3.17;72.77
Wakatobi;-5.3264442;123.5951925;3220931;14.91;8.16;9280;69.87;70.48;84.99;94.22;2.3;70.63
Kolaka Utara;-3.1347227;121.1710389;6525446;13.79;8.22;10244;69.5;70.36;86.18;87.02;3.18;79.76
Buton Utara;-4.7023424;123.0338767;2342595;14.89;8.93;7496;68.08;70.93;69.43;91.84;3;75.63
Konawe Utara;-3.3803291;122.0837445;2957837;14.32;9.3;9181;70.23;69.53;76.58;81.06;3.36;70.6
Kolaka Timur;-4;121.9;3413957;14.35;7.84;7753;67.76;72.82;88.41;93.87;3.44;74.79
Konawe Kepulauan;-4.1;123.1;1071100;17.81;9.42;6738;65.73;68.43;78.38;97.78;1.83;70.76
Muna Barat;-4.83333;122.48333;1926498;13.96;7.3;7502;65.48;70.35;73.03;95.18;2.84;71.96
Buton Tengah;-5.31667;122.33333;1760036;15.8;7.31;7244;64.55;67.69;86.51;92.15;3.77;63.93
Buton Selatan;-5.56667;122.7;2080195;14.62;7.54;7279;64.99;67.69;87.22;96.12;3.92;73.4
Kota Kendari;-3.972201;122.5149028;17165185;4.87;12.51;14356;84.15;73.83;96.57;98.84;5.19;65.34
Kota Baubau;-5.46667;122.633;6844689;7.78;10.91;10503;76.26;71.25;96.68;99.67;6.87;68.95
Boalemo;0.7013419;122.2653887;3567638;19;7;8940;66.42;69.3;68.82;94.21;3.57;65.56
Gorontalo;0.5693;122.8084;9082312;17.89;7.3;9412;67.34;67.69;76.82;95.11;2.12;65.13
Pohuwato;0.7055278;121.7195459;4703613;18.08;7.26;10409;65.8;64.3;76.12;93.13;2.45;70.09
Bone Bolango;0.5657885;123.3486147;3224680;16.3;8.32;10198;70.25;68.52;73.71;93.72;3.45;65.09
Gorontalo Utara;0.9252647;122.4920088;2376146;17.23;7.15;9064;65.21;65.93;79.03;86.23;2.3;68.57
Kota Gorontalo;0.5435;123.0568;6345632;5.93;10.37;12390;77.41;72.53;92.9;99.62;4.55;63.97
Majene;-3.0297251;118.9062794;3598959;14.34;8.91;10028;67.29;61.77;79.74;94.6;2.85;65.35
Polewali Mandar;-3.3419323;119.1390642;9414992;15.68;7.44;8548;64.23;62.53;86.31;83.88;3.38;68.98
Mamasa;-2.960135;119.368202;2255608;13.77;7.88;7736;66.63;70.94;63.08;31.51;2.18;80.24
Mamuju;-2.7293364;118.9295737;8342016;7.46;7.96;9494;68.32;67.77;80.47;82.91;3.79;70.24
Mamuju Utara;-1.5264542;119.5107708;7389296;4.77;8.09;11072;68.03;66.45;79.18;87.36;3.13;69.03
Mamuju Tengah;-2.090105;119.488072;2282748;7.13;7.51;8408;66.18;68.55;81.76;77.43;2.52;70.84
Maluku Tenggara Barat;-7.5322642;131.3611121;1749807;27.27;9.69;6335;62.97;63.45;84.88;93.3;4.4;68.96
Maluku Tenggara;-5.7512455;132.7271587;2034006;22.73;9.76;7580;66.33;65.14;86.47;92.96;5.06;64.58
Maluku Tengah;-3.0166501;129.4864411;6028166;19.84;9.68;10243;71.32;66.45;74.24;89.61;8.07;62.59
Buru;-3.32767;126.68413;1611262;17.28;8.79;10347;69.33;66.44;69.35;96.18;4.85;70.82
Kepulauan Aru;-6.1946502;134.5501935;2356727;26.53;8.83;7623;63.83;62.96;39.66;84.6;1.55;65.81
Seram Bagian Barat;-3.1271575;128.4008357;2030114;25.27;8.92;8720;65.83;61.85;62.64;91.13;5.65;72.2
Seram Bagian Timur;-3.4150761;130.390488;1966542;23.25;8.46;9480;64.3;59.62;65.25;84.43;3.88;69.07
Maluku Barat Daya;-7.7851588;126.3498097;1091807;29.55;8.59;6918;62.37;62.55;82.65;93.15;1.8;76.66
Buru Selatan;-3.3927754;126.7819505;923245;15.89;7.95;7600;64.8;66.36;58.54;93.99;1.63;75.39
Kota Ambon;-3.65607;128.166419;10591813;5.02;12.2;14148;81.23;70.63;90.56;98.3;11.32;61.56
Kota Tual;-5.640851;132.7475093;1550124;23.26;10.53;7405;68.16;65.68;83.27;96.19;8.71;60.61
Halmahera Barat;1.359;127.5961;1554088;8.95;8.37;7467;65.56;66.34;73.32;94.73;3.26;64.88
Halmahera Tengah;0.442;128.3587;5225848;13.52;9.01;7966;65.82;64.15;80.7;83.71;4.23;63.02
Kepulauan Sula;-1.8666667;125.3666667;1663354;8.23;9;7040;63.8;63.39;81.31;84.53;2.78;63.76
Halmahera Selatan;-1.5109;127.7238;6532022;5.19;8.1;7142;64.19;65.93;57.97;90.48;1.94;68.87
Halmahera Utara;1.5074;127.8937;3870036;5.22;8.62;7519;67.82;69.61;68.98;87.09;8.01;64.39
Halmahera Timur;1.3121;128.485;2491395;15.04;8.27;7973;67;69.08;70.1;65.51;6.78;64.8
Pulau Morotai;2.3656672;128.4008357;1083770;6.52;7.4;6378;62.9;67.35;71.5;78.95;6.27;67.71
Pulau Taliabu;-1.8;124.8;1128880;7.49;7.67;6467;60.73;62.22;65.37;68.36;6.1;69.23
Kota Ternate;0.7833333;127.3666667;7394964;3.55;11.81;13290;80.14;71.06;99.22;100;5.7;59.58
Kota Tidore Kepulauan;0.6833333;127.4;2062850;6.58;9.95;8316;70.99;69.43;90.55;98.21;2.81;66.2
Fakfak;-2.885237;132.2658282;3474011;22.86;8.97;7446;68.52;68.5;65.86;98;7.9;71.53
Kaimana;-3.660925;133.774506;1716123;16.04;8.58;8151;65.31;64.93;74.57;83.78;3.23;75.65
Teluk Wondama;-2.8551699;134.3236557;990094;31.61;7.08;8034;60.33;60.24;61.1;19.78;2.9;74.97
Teluk Bintuni;-1.9056848;133.329466;25061823;29.79;8.22;9708;64.65;60.99;77.45;90.37;4.74;67.35
Manokwari;-0.8614531;134.0620421;6593321;20.56;8.34;11977;72.02;68.82;86.9;86.2;7.04;71.49
Sorong Selatan;-1.7658;132.1573;1300536;18.55;7.49;6188;62.46;66.39;41;51.38;3.55;80.07
Sorong;-1.1223;131.4883;8520874;27.78;8.33;7350;65.77;66.22;84.26;85.2;3.36;68.89
Raja Ampat;-1.0915151;130.8778586;2590412;17.5;8.02;7882;63.92;64.83;55.11;73.45;3.81;66.43
Tambrauw;-0.781856;132.3938375;147485;33.86;5.39;4903;53.71;60.2;69.75;37.05;1.49;75.61
Maybrat;3.1472;101.6997;467690;31.39;6.96;5245;59.7;65.25;70.49;40.83;1.89;81.51
Manokwari Selatan;-1.0798;133.96729;586829;29.3;6.63;5505;59.85;67.6;91.54;80.77;2.9;84.61
Pegunungan Arfak;-0.93523;133.89587;157525;34.7;5.12;5009;56.13;67.26;45.21;82.47;0.7;94.71
Kota Sorong;-0.8666667;131.25;9986993;15.35;11.19;13744;78.49;70.93;90.73;92.18;9.95;61.4
Merauke;-8.4960406;140.3945527;10424592;10.16;8.73;10201;70.49;67.07;82.1;71.35;2.19;70.69
Jayawijaya;-4.0004481;138.7995122;4659979;37.09;5.6;7545;58.67;59.9;23.7;43.48;1.62;84.14
Jayapura;-2.98333;139.98333;10271631;12.13;10.05;9989;72.03;67.16;71.24;74.87;7.87;67.97
Nabire;-3.5095462;135.7520985;7693272;23.83;10.01;8856;69.15;68.15;85.73;87.19;3.05;73.09
Kepulauan Yapen;-1.7469359;136.1709012;2901321;26.09;9.47;7491;67.72;69.17;68.36;80.89;2.47;63.94
Biak Numfor;-1.0381022;135.9800848;3327269;24.45;10.34;9607;72.33;68.29;83.32;97.67;9.49;69.47
Paniai;-3.7876441;136.3624686;3084841;36.59;4.77;6377;56.7;66.62;0.26;82.09;0.74;89.26
Puncak Jaya;-4.0836111;137.1847222;983029;36;3.74;5289;48.99;65.33;15.79;82.87;1.74;91.39
Mimika;-4.4553223;137.1362125;69619313;14.17;10.18;11400;74.48;72.36;83.63;91.26;5.37;64.77
Boven Digoel;-5.7400018;140.3481835;3223281;19.9;8.79;7864;61.62;60.32;61.71;64.5;6.73;79.72
Mappi;-7.102232;139.396393;1883775;26.05;6.51;6327;58.7;65.31;35.29;48.66;4.11;61.6
Asmat;-5.0573958;138.3988186;1563594;24.83;5.08;5736;51.29;58.59;31.34;98.67;0.45;81.16
Yahukimo;-4.4939717;139.5279996;1556231;37.64;4.27;4895;49.48;66.05;13.09;43.46;2.25;85.47
Pegunungan Bintang;-4.5589872;140.5135589;1444833;30.46;3.04;5429;46.28;64.54;31.28;80.88;4.43;87.88
Tolikara;-3.481132;138.4787258;1068562;32.6;3.65;4841;49.6;65.83;3.24;6.6;1.12;90.61
Sarmi;-1.868727;138.743607;1862596;13.84;8.83;6617;63.94;66.46;68.36;89.82;3.5;68.57
Keerom;-3.3449536;140.7624493;2048897;16;8.02;8926;66.49;66.78;60.58;75.64;1.41;76.91
Waropen;-2.8435717;136.670534;1485621;29.85;9.21;6788;65.1;66.42;84.68;72.89;8.56;56.39
Supiori;-0.7295099;135.6385125;781180;37.91;8.87;5708;62.72;66.06;80.32;45.56;2.66;68.56
Mamberamo Raya;-2.5331255;137.7637565;1030714;28.78;5.87;4603;52.18;58;65.19;66.1;1.91;66.84
Nduga;-4.4069496;138.2393528;815251;37.18;1.42;3976;32.84;55.43;4.35;13.35;96.25;97.93
Lanny Jaya;-3.971033;138.3190276;1202144;38.73;3.43;4393;48.68;66.11;2.51;0.87;36.65;95.66
Mamberamo Tengah;-2.3745692;138.3190276;769368;36.76;3.33;4487;48.32;63.75;2.54;2.4;0.9;95.84
Yalimo;-3.7852847;139.4466005;782619;33.25;3.01;4664;49.01;65.49;0.48;59.96;0.41;93.68
Puncak;-3.8649;137.6062;831070;36.26;2.16;5412;43.17;65.86;11.43;85.03;0.94;89.43
Dogiyai;-4.0193872;135.9610446;906904;28.81;4.94;5415;55;65.85;12.11;71.24;5.68;78.2
Intan Jaya;-3.5076422;136.7478493;767101;41.66;3.09;5328;48.34;65.69;0.36;35.01;1.43;75.75
Deiyai;-4.0974893;136.4393054;841296;40.59;3.25;4673;49.96;65.36;0.74;85.23;0.79;85.01
Kota Jayapura;-2.533;140.717;22852202;11.39;11.57;14937;80.11;70.52;85.31;97.1;11.67;63.75
